[
  {
    "id": "med_001",
    "name": "Adrenalin",
    "indication": "Anaphylaxie",
    "dosePerKg": 0.01,
    "unit": "mg",
    "maxDose": 0.5,
    "route": "IM",
    "concentration": "1:1000 (1 mg/ml)",
    "source": "ERC 2025",
    "warning": "Bei Anaphylaxie sofort verabreichen",
    "colorBand": "red",
    "createdAt": "2025-10-15T00:00:00Z",
    "updatedAt": "2025-10-15T00:00:00Z"
  },
  {
    "id": "med_002",
    "name": "Adrenalin",
    "indication": "Reanimation",
    "dosePerKg": 0.01,
    "unit": "mg",
    "maxDose": 1.0,
    "route": "IV",
    "concentration": "1:10000 (0.1 mg/ml)",
    "source": "ERC 2025",
    "warning": "Alle 3–5 Minuten wiederholen",
    "colorBand": "red",
    "createdAt": "2025-10-15T00:00:00Z",
    "updatedAt": "2025-10-15T00:00:00Z"
  },
  {
    "id": "med_003",
    "name": "Midazolam",
    "indication": "Krampfanfall",
    "dosePerKg": 0.2,
    "unit": "mg",
    "maxDose": 10.0,
    "route": "bukkal/nasal",
    "concentration": "5 mg/ml",
    "source": "DIVI 2024",
    "warning": "Atemdepression möglich",
    "colorBand": "yellow",
    "createdAt": "2025-10-15T00:00:00Z",
    "updatedAt": "2025-10-15T00:00:00Z"
  },
  {
    "id": "med_004",
    "name": "Salbutamol",
    "indication": "Asthma",
    "dosePerKg": 0.15,
    "unit": "mg",
    "maxDose": 5.0,
    "route": "inhalativ",
    "concentration": "0.5 mg/ml",
    "source": "DGKJ 2023",
    "warning": "Bei schwerer Atemnot wiederholen",
    "colorBand": "blue",
    "createdAt": "2025-10-15T00:00:00Z",
    "updatedAt": "2025-10-15T00:00:00Z"
  },
  {
    "id": "med_005",
    "name": "Prednisolon",
    "indication": "Asthma",
    "dosePerKg": 2.0,
    "unit": "mg",
    "maxDose": 60.0,
    "route": "PO/IV",
    "concentration": "variabel",
    "source": "DGKJ 2023",
    "warning": null,
    "colorBand": "blue",
    "createdAt": "2025-10-15T00:00:00Z",
    "updatedAt": "2025-10-15T00:00:00Z"
  },
  {
    "id": "med_006",
    "name": "Atropin",
    "indication": "Bradykardie",
    "dosePerKg": 0.02,
    "unit": "mg",
    "maxDose": 0.5,
    "route": "IV",
    "concentration": "0.5 mg/ml",
    "source": "ERC 2025",
    "warning": "Mindestdosis 0.1 mg",
    "colorBand": "green",
    "createdAt": "2025-10-15T00:00:00Z",
    "updatedAt": "2025-10-15T00:00:00Z"
  },
  {
    "id": "med_007",
    "name": "Diazepam",
    "indication": "Krampfanfall",
    "dosePerKg": 0.3,
    "unit": "mg",
    "maxDose": 10.0,
    "route": "rektal",
    "concentration": "5 mg/ml",
    "source": "DIVI 2024",
    "warning": "Atemdepression möglich",
    "colorBand": "yellow",
    "createdAt": "2025-10-15T00:00:00Z",
    "updatedAt": "2025-10-15T00:00:00Z"
  },
  {
    "id": "med_008",
    "name": "Amiodaron",
    "indication": "Reanimation",
    "dosePerKg": 5.0,
    "unit": "mg",
    "maxDose": 300.0,
    "route": "IV",
    "concentration": "50 mg/ml",
    "source": "ERC 2025",
    "warning": "Nach 3. Defibrillation",
    "colorBand": "red",
    "createdAt": "2025-10-15T00:00:00Z",
    "updatedAt": "2025-10-15T00:00:00Z"
  }
  ,
  {
    "id": "med_009",
    "name": "Ketamin (Analgesie)",
    "indication": "Schmerz/Trauma",
    "dosePerKg": 0.25,
    "unit": "mg",
    "maxDose": 25.0,
    "route": "IV/IM",
    "concentration": "10 mg/ml",
    "source": "AGNN 2024",
    "warning": "Analgesische Dosis; Begleitmedikation (Benzodiazepin) empfohlen",
    "colorBand": "purple",
    "createdAt": "2025-10-15T00:00:00Z",
    "updatedAt": "2025-10-15T00:00:00Z"
  },
  {
    "id": "med_010",
    "name": "Ketamin (Narkose)",
    "indication": "Narkose/Intubation",
    "dosePerKg": 1.5,
    "unit": "mg",
    "maxDose": 100.0,
    "route": "IV/IM",
    "concentration": "10 mg/ml",
    "source": "AGNN 2024",
    "warning": "Narkoseinduktion; kontrollierte Beatmung erforderlich",
    "colorBand": "purple",
    "createdAt": "2025-10-15T00:00:00Z",
    "updatedAt": "2025-10-15T00:00:00Z"
  },
  {
    "id": "med_011",
    "name": "Ibuprofen",
    "indication": "Schmerz/Fieber",
    "dosePerKg": 10.0,
    "unit": "mg",
    "maxDose": 40.0,
    "route": "PO/Rektal",
    "concentration": "100 mg/5 ml (Suspension)",
    "source": "AGNN 2024",
    "warning": "Nicht bei Dehydratation oder Niereninsuffizienz anwenden",
    "colorBand": "orange",
    "createdAt": "2025-10-15T00:00:00Z",
    "updatedAt": "2025-10-15T00:00:00Z"
  },
  {
    "id": "med_012",
    "name": "Paracetamol",
    "indication": "Schmerz/Fieber",
    "dosePerKg": 15.0,
    "unit": "mg",
    "maxDose": 60.0,
    "route": "PO/Rektal",
    "concentration": "125 mg/2.5 ml (Suspension)",
    "source": "AGNN 2024",
    "warning": "Tageshöchstdosis beachten; Leberfunktion berücksichtigen",
    "colorBand": "orange",
    "createdAt": "2025-10-15T00:00:00Z",
    "updatedAt": "2025-10-15T00:00:00Z"
  },
  {
    "id": "med_013",
    "name": "Lorazepam",
    "indication": "Status epilepticus",
    "dosePerKg": 0.1,
    "unit": "mg",
    "maxDose": 4.0,
    "route": "IV",
    "concentration": "2 mg/ml",
    "source": "Status epilepticus Pathway",
    "warning": "Langsame Gabe; Atemdepression beachten",
    "colorBand": "yellow",
    "createdAt": "2025-10-15T00:00:00Z",
    "updatedAt": "2025-10-15T00:00:00Z"
  },
  {
    "id": "med_014",
    "name": "Fosphenytoin (PE)",
    "indication": "Status epilepticus",
    "dosePerKg": 20.0,
    "unit": "mg",
    "maxDose": 1500.0,
    "route": "IV",
    "concentration": "50 mg/ml",
    "source": "Status epilepticus Pathway",
    "warning": "Infusionsrate: 3 mg PE/kg/min; EKG‑Monitoring erforderlich",
    "colorBand": "yellow",
    "createdAt": "2025-10-15T00:00:00Z",
    "updatedAt": "2025-10-15T00:00:00Z"
  },
  {
    "id": "med_015",
    "name": "Phenobarbital",
    "indication": "Status epilepticus/Neonatale Krämpfe",
    "dosePerKg": 20.0,
    "unit": "mg",
    "maxDose": 1000.0,
    "route": "IV",
    "concentration": "60 mg/ml",
    "source": "Status epilepticus Pathway",
    "warning": "Langsame Gabe (2 mg/kg/min); Sedierung überwachen",
    "colorBand": "yellow",
    "createdAt": "2025-10-15T00:00:00Z",
    "updatedAt": "2025-10-15T00:00:00Z"
  },
  {
    "id": "med_016",
    "name": "Levetiracetam",
    "indication": "Refraktärer Status epilepticus",
    "dosePerKg": 40.0,
    "unit": "mg",
    "maxDose": 3000.0,
    "route": "IV",
    "concentration": "100 mg/ml",
    "source": "Status epilepticus Pathway",
    "warning": "Gabe über 15 Minuten; Blutdruck überwachen",
    "colorBand": "yellow",
    "createdAt": "2025-10-15T00:00:00Z",
    "updatedAt": "2025-10-15T00:00:00Z"
  },
  {
    "id": "med_017",
    "name": "Valproat",
    "indication": "Refraktärer Status epilepticus",
    "dosePerKg": 30.0,
    "unit": "mg",
    "maxDose": 3000.0,
    "route": "IV",
    "concentration": "100 mg/ml",
    "source": "Status epilepticus Pathway",
    "warning": "Leberfunktion beachten; Kontraindikation bei Stoffwechselerkrankungen",
    "colorBand": "yellow",
    "createdAt": "2025-10-15T00:00:00Z",
    "updatedAt": "2025-10-15T00:00:00Z"
  }
]
